{"cameraMode":{"drawMode":0,"name":"Shaded","section":"Shading Mode"},"sceneLighting":false,"audioPlay":false,"sceneViewState":{"m_AlwaysRefresh":false,"showFog":true,"showSkybox":false,"showFlares":true,"showImageEffects":true,"showParticleSystems":true,"showVisualEffectGraphs":true,"m_FxEnabled":false},"in2DMode":false,"pivot":{"x":1.0535352230072022,"y":0.9054256081581116,"z":-0.32176366448402407},"rotation":{"x":0.21359065175056458,"y":-0.5616850852966309,"z":0.15293529629707337,"w":0.7845736145973206},"size":0.06766033917665482,"orthographic":false}